{"loss": 0.022028496488928795, "acc": 1.0, "epoch": 9, "trainer/global_step": 499, "_timestamp": 1654732974, "_runtime": 48, "_step": 19, "val_loss": 0.10983996093273163, "val_acc": 0.9674999713897705, "_wandb": {"runtime": 47}}